disc_loss,gen_loss,valid
0.69738722,1.15852427,0.02
0.23383799,-4.01097965,0.0
0.04292502,0.79418868,0.03
0.00702529,-0.15746461,0.14
0.01574175,0.22207528,0.08
0.0039141,0.00193376,0.09
0.0300383,-0.04787258,0.06
0.00552681,0.17580704,0.04
0.00537377,-0.16845562,0.07
0.00143724,-0.10243212,0.05
0.00341556,0.12107533,0.05
0.00047034,-0.09414044,0.03
0.01540486,-0.10632857,0.04
0.00109082,-0.05116373,0.04
0.00459421,0.41004258,0.01
0.00378867,0.14420217,0.02
0.00010583,-0.08297262,0.03
7.487e-05,-0.0419189,0.02
0.0003589,-0.04667303,0.03
0.00716799,-0.22910021,0.06
0.00454581,-1.08012402,0.11
0.00095962,-0.09774516,0.1
0.06313824,-0.36291939,0.09
0.00047072,-0.27870709,0.01
0.00835563,0.37761116,0.03
0.00092443,-0.05040459,0.02
0.04656492,-0.06491023,0.03
0.00799904,-0.00439233,0.11
0.00031229,-0.14997676,0.03
0.00624461,0.68832552,0.03
0.00046262,-0.09154515,0.02
0.00039691,-0.07651667,0.02
0.00015572,-0.07512152,0.02
0.03732083,-0.37082133,0.11
0.00042408,-0.0603126,0.03
0.00025727,-0.13620961,0.02
0.00037553,-0.20482713,0.06
0.0039281,-0.17053625,0.04
0.00249965,-0.21206714,0.06
0.0017615,-0.09868468,0.03
0.00023296,-0.22534193,0.01
0.00365304,-0.15691456,0.02
0.00078898,-0.08432466,0.03
0.00059391,-0.10593893,0.05
6.528e-05,-0.09725605,0.03
0.00022958,-0.08543886,0.01
0.00117531,-0.29493102,0.02
0.00165963,-0.25842974,0.03
0.00011426,-0.12640208,0.01
0.00181239,-0.20644914,0.01
0.01393871,-0.12785125,0.0
0.00108872,-0.02474267,0.04
2.001e-05,-0.06472346,0.0
6.45e-06,-0.06833307,0.01
1.142e-05,-0.04042049,0.0
1.33e-06,-0.04163376,0.0
1.74e-06,-0.0409314,0.02
6.02e-06,-0.0412203,0.01
5.13e-06,-0.0411411,0.03
1.77e-06,-0.04286876,0.01
5.38e-06,-0.04327437,0.0
2.79e-06,-0.06630687,0.0
0.00106524,-0.14995144,0.14
4.705e-05,-0.16851299,0.09
0.02881686,-0.43802226,0.11
0.00038415,-0.20544831,0.02
0.02882181,-0.17331359,0.06
0.0373981,0.12532602,0.04
0.0507998,-0.66247392,0.03
0.00551964,-0.4319534,0.56
0.11399244,1.21755099,0.07
0.00172053,-0.05015236,0.06
0.00745399,-0.13729304,0.04
0.00626741,-0.6626668,0.01
0.01123045,-0.27993372,0.11
0.00809546,-0.02188388,0.2
0.00051567,-0.23080793,0.04
0.02982871,-0.0905324,0.04
0.01460682,-0.0660757,0.04
0.00200096,-0.04182118,0.07
0.007246,0.29510006,0.1
0.0008905,-0.30029568,0.03
0.01771401,0.08832246,0.05
0.00074714,-0.06296229,0.17
0.00607691,0.25448212,0.1
0.00173792,-0.13144109,0.1
0.01859514,0.02232024,0.11
0.00379248,-0.21049927,0.17
0.00465653,-0.27618894,0.02
0.0024945,-0.18464109,0.07
0.00525539,0.22074647,0.13
0.01178662,0.22671573,0.03
0.02904265,0.01666,0.37
0.00735251,-0.08625009,0.12
0.04984144,0.57484746,0.08
0.03176283,-0.19013879,0.08
0.01014014,0.41065702,0.18
0.00338949,-0.05279268,0.24
0.02329168,0.08235355,0.11
0.00184549,-0.06187462,0.12
0.00133007,0.01791836,0.22
0.00804934,-0.41134512,0.14
0.00341224,-0.1999594,0.11
0.02183007,1.00326741,0.05
0.01808447,0.14865094,0.21
0.00115827,-0.08294383,0.02
0.0126837,-0.18121785,0.14
0.01040618,-0.03240795,0.05
0.00169615,-0.1436609,0.08
0.0022059,-0.17027436,0.08
0.06977005,0.98996925,0.03
0.00143607,-0.09840749,0.09
0.01162566,-0.11699149,0.08
0.00083978,-0.46734998,0.09
0.06160837,-0.07719917,0.22
0.05203509,2.08009958,0.12
0.01746317,-0.20280489,0.16
0.00945681,0.70376569,0.06
0.03351979,0.24681571,0.05
0.00786449,-0.07302029,0.08
0.00606959,-0.46619084,0.03
0.01626241,-0.46908432,0.05
0.00460189,-0.07940902,0.03
0.00310222,-0.26839757,0.11
0.03388824,1.28019047,0.05
0.01025786,-0.11245727,0.05
0.01178748,0.25140506,0.12
0.00643196,-0.30263734,0.16
0.0190387,-0.29060364,0.07
0.00758445,0.11480577,0.22
0.01958848,-0.32915276,0.13
0.01806086,-0.18314357,0.14
0.03973077,-0.15771073,0.14
0.01687444,0.3731001,0.06
0.01205072,0.09391248,0.04
0.01310854,-0.32309332,0.11
0.01421369,0.14723814,0.16
0.01017976,0.36977947,0.17
0.02031651,-0.02751292,0.18
0.0460984,1.54274189,0.06
0.01751984,-0.27521712,0.15
0.02170116,0.39056516,0.28
0.00357122,-0.23204948,0.08
0.02236612,1.09233832,0.1
0.01739301,-0.41594529,0.11
0.0169595,-0.19083028,0.1
0.01320265,-0.33320647,0.14
0.04346262,-0.71276331,0.1
0.01643603,-0.20115562,0.1
0.02002107,-0.13812654,0.09
0.00685994,-0.21096149,0.11
0.02204042,-0.06735931,0.19
0.00921842,-0.37885255,0.18
0.03302517,-0.1382295,0.04
0.00168695,-0.21912152,0.18
0.02500736,-0.0229327,0.17
0.02016373,-0.05334264,0.21
0.01319844,-0.23196012,0.07
0.05741524,0.00808828,0.16
0.01620245,0.19670464,0.09
0.02208345,0.23982596,0.16
0.01760049,-0.14804521,0.1
0.02190034,0.13956037,0.12
0.01268991,-0.2258306,0.05
0.02023325,-0.31368002,0.02
0.03944518,0.0751491,0.1
0.03833371,-0.1342057,0.11
0.01363373,-0.29182082,0.13
0.02198336,0.11753643,0.13
0.00229745,-0.26062137,0.14
0.01984003,0.11552837,0.14
0.02587683,-0.03321156,0.19
0.01963906,0.84387308,0.13
0.03259971,0.10745212,0.11
0.04089123,0.90132868,0.27
0.00655003,-0.19852763,0.17
0.03450648,0.13009578,0.15
0.05838094,1.50670421,0.1
0.04086661,0.59114945,0.13
0.02327624,0.08903087,0.28
0.03003088,0.49108562,0.21
0.04510832,-0.75479048,0.19
0.01763653,0.3809351,0.17
0.03301997,0.21227753,0.39
0.03875492,0.6078161,0.3
0.04482322,0.02839866,0.16
0.05349442,0.4931393,0.26
0.02694805,-0.20652254,0.18
0.01541613,-0.59623301,0.32
0.0121097,0.10847957,0.1
0.02965531,-0.44962031,0.17
0.03189543,0.84684563,0.13
0.0156735,-0.7035659,0.24
0.02242645,0.01354853,0.25
0.06574208,0.0538137,0.28
0.04046645,-0.1163073,0.21
0.02575758,-0.1788855,0.3
0.03446305,-0.45245939,0.22
0.01760067,-0.30010587,0.35
0.0333422,0.12693752,0.39
0.06164538,-0.16622402,0.21
0.02863221,0.16312248,0.18
0.01619036,-0.45774928,0.23
0.03815867,0.04167659,0.3
0.02159495,-0.4440214,0.15
0.06184772,0.29838508,0.22
0.03179003,-0.06090694,0.29
0.01817967,0.1796838,0.52
0.0409496,0.4094539,0.39
0.02277204,0.00901495,0.36
0.02789321,-0.46375313,0.3
0.02771938,-0.28824273,0.27
0.03044716,-0.64820921,0.24
0.04968873,0.14389685,0.35
0.04521178,0.05010814,0.32
0.03927707,-0.33367124,0.28
0.01926512,-0.53122735,0.42
0.02326424,0.19467688,0.22
0.02519922,0.14901225,0.23
0.03395194,-0.40817553,0.32
0.02338372,-0.15017766,0.36
0.00846025,-0.49109238,0.37
0.02947532,-0.31989658,0.43
0.01929383,-0.31606072,0.59
0.09046549,1.14949214,0.36
0.02339588,-0.32795379,0.35
0.01853748,-0.74959606,0.31
0.02539591,-0.32604358,0.27
0.01395401,-0.40614441,0.18
0.05577625,0.49728459,0.44
0.01553567,-0.16517401,0.31
0.01626287,-0.26044035,0.38
0.03431615,-0.33322668,0.44
0.04422917,-0.3731969,0.29
0.05318155,0.0374145,0.3
0.03433723,0.15654644,0.24
0.08120295,0.66086411,0.39
0.02857414,-0.25846648,0.2
0.02992315,0.31326187,0.52
0.04708619,0.59069997,0.38
0.04028551,0.4022114,0.51
0.05898312,-0.29361436,0.44
0.03789175,-0.36205497,0.32
0.05654684,-0.08677071,0.41
0.03786041,-0.30712709,0.26
0.04541261,0.19517265,0.37
0.07989198,1.68287468,0.22
0.01769814,-0.32448637,0.34
0.04787818,0.28811216,0.41
0.0374606,-0.3481805,0.36
0.05587418,-0.87021387,0.38
0.04570831,0.40422589,0.42
0.05253304,-0.44394439,0.52
0.0227987,-0.97968799,0.44
0.02666401,-0.10958039,0.5
0.0529363,0.33060324,0.47
0.02262774,-0.60395879,0.08
0.03075423,-0.35078382,0.23
0.03197528,-0.25169381,0.34
0.11412983,-0.59891462,0.46
0.0765871,-0.4965975,0.5
0.02434604,-0.29360586,0.49
0.01290859,-0.4397409,0.37
0.03121665,-0.10171001,0.54
0.05320489,-0.10530644,0.57
0.04892518,0.04061625,0.33
0.04312553,-0.38192084,0.46
0.0614258,-0.34127703,0.48
0.03503381,-0.37515059,0.67
0.04519407,-0.36809102,0.47
0.11675007,0.37001559,0.51
0.16005798,0.92747086,0.59
0.04974419,0.01348327,0.65
0.05177712,-0.16702946,0.46
0.05800444,0.1409612,0.55
0.08788459,-0.20141597,0.66
0.04021833,-0.92638433,0.5
0.06617547,-0.21489814,0.4
0.03837806,1.23899174,0.42
0.03565358,-0.53340304,0.37
0.05400824,-0.56299186,0.53
0.03305789,-0.11888598,0.46
0.02726457,-0.2960566,0.54
0.06354628,-0.39262187,0.6
0.07408465,0.22338702,0.44
0.02522553,-0.35181993,0.52
0.09545978,-0.7422576,0.69
0.021639,-0.50107801,0.53
0.05573237,-0.01875223,0.53
0.04345674,0.0797808,0.63
0.03658868,-0.42939195,0.64
0.01459245,-0.07749278,0.63
0.03457191,0.20886461,0.56
0.03097539,-0.47813985,0.57
0.05865433,0.42234924,0.52
0.06736992,-0.16899177,0.58
0.05426519,0.10111913,0.56
0.01958556,-0.22139451,0.3
0.03713641,0.66870618,0.52
0.04461607,0.05037481,0.73
0.02328191,-0.71816123,0.56
0.06169427,0.17141829,0.47
0.07711875,-0.39602587,0.65
0.06225893,0.24761969,0.3
0.06510003,0.00824078,0.47
0.11721797,-0.67511755,0.31
0.05457434,0.17006953,0.51
0.03938177,0.23630083,0.63
0.03939366,0.17835583,0.58
0.04274556,0.34344763,0.39
0.0566454,-0.70332819,0.37
0.07152533,-0.16816027,0.54
0.0432306,-0.18183097,0.47
0.03359489,-0.00708253,0.42
0.00887002,-0.17596188,0.62
0.06034649,0.09130505,0.5
0.04239627,0.23319322,0.53
0.06360459,0.47442505,0.32
0.04195648,0.22057101,0.28
0.03357466,-0.14867206,0.54
0.05115021,-0.23634969,0.55
0.07084189,0.51054156,0.68
0.04289978,-0.54327649,0.76
0.04448486,0.08700753,0.7
0.03717277,-0.67817301,0.65
0.10041479,-0.11242702,0.61
0.04190955,-0.29287335,0.67
0.04000312,0.49358913,0.55
0.06623162,-0.4412795,0.58
0.04076672,0.38986936,0.69
0.04805298,0.10109019,0.61
0.07234679,0.17690694,0.78
0.0878752,0.5213539,0.8
0.08029614,0.52920818,0.85
0.02189691,-0.37138912,0.64
0.05681501,0.13432246,0.46
0.0334111,-0.87971807,0.59
0.02550462,-0.12744389,0.62
0.06041713,0.17366633,0.65
0.03628747,-0.15454534,0.78
0.0765773,1.56936395,0.59
0.02689144,-0.40548551,0.61
0.09220472,-0.347155,0.61
0.06161902,0.49536747,0.62
0.03510454,-0.37724268,0.65
0.05117545,0.71073478,0.64
0.02859605,-0.64841753,0.64
0.03393798,-0.23459868,0.48
0.04605345,0.49814734,0.61
0.08312564,-0.3307437,0.61
0.05305345,0.25832024,0.62
0.05065215,-0.41673648,0.64
0.03384146,-0.42904949,0.67
0.03036695,-0.04652855,0.6
0.04485638,-0.28646299,0.72
0.04596968,-0.00706028,0.6
0.07322867,-0.00733088,0.68
0.03629754,-0.46036863,0.6
0.03074511,-0.39331713,0.63
0.03173922,0.50589317,0.74
0.03369293,-0.09633002,0.66
0.05912897,0.64602405,0.56
0.04514944,0.22845334,0.62
0.05882792,-0.01972859,0.42
0.04034821,0.10799194,0.57
0.04188084,-0.51582748,0.59
0.04207112,-0.28854299,0.64
0.05283478,0.41645578,0.64
0.03593239,0.36129943,0.66
0.04546243,0.18580309,0.61
0.04458454,0.30460036,0.49
0.05320419,0.61474842,0.62
0.07456063,-0.55001378,0.6
0.04807605,-0.0483225,0.63
0.05218401,0.43270791,0.57
0.05922611,0.21066889,0.66
0.0575726,0.34446314,0.66
0.03472781,-0.21052466,0.77
0.0284278,-0.57307881,0.62
0.05111318,0.28970152,0.64
0.07569082,-0.00761151,0.65
0.11847232,-0.62092936,0.7
0.03747101,-0.34424147,0.6
0.05477625,1.0072422,0.64
0.02097422,-0.45009691,0.64
0.06612158,-0.35776055,0.8
0.01928546,-0.5719744,0.63
0.03608146,-0.17335969,0.53
0.03799005,-0.35541573,0.81
0.09114908,0.56868923,0.8
0.0783438,1.14215362,0.6
0.02615731,-0.22356279,0.43
0.05873017,0.41259003,0.72
0.06033186,-0.29573789,0.6
0.02799957,-0.36156744,0.72
0.05588976,-0.1805286,0.68
0.06138584,-0.07290398,0.68
0.0178237,-0.19275588,0.61
0.08202184,0.52789986,0.71
0.03729487,0.22773208,0.38
0.0490912,0.48398131,0.77
0.03987112,-0.59119326,0.7
0.03770941,0.11238362,0.6
0.06675205,0.34970897,0.5
0.06323478,0.14801954,0.67
0.07067312,0.15836628,0.76
0.03930651,-0.30429244,0.72
0.03823392,-0.1989051,0.46
0.04390769,-0.22918399,0.45
0.03828108,0.06004205,0.56
0.04663685,-0.49004096,0.79
0.04816053,0.03804497,0.81
0.06099928,-0.04035061,0.7
0.07806435,-0.09103823,0.66
0.08234517,1.11072361,0.67
0.0595682,0.22429937,0.67
0.03760672,0.43454638,0.66
0.03778863,-0.53443992,0.59
0.03599897,0.24057436,0.71
0.06853791,0.68445098,0.77
0.07965659,1.1402241,0.58
0.02651639,-0.08182605,0.6
0.03617425,0.23303245,0.78
0.03552115,-0.28883389,0.75
0.06086447,0.00219631,0.65
0.05691452,0.37288415,0.8
0.03741868,-0.3679603,0.81
0.05832196,-0.03707849,0.49
0.03399355,-0.23946783,0.69
0.0561479,-0.35444105,0.75
0.08130646,0.58922803,0.67
0.03666966,-0.47376218,0.6
0.06634134,0.38750631,0.83
0.04281063,0.03280793,0.68
0.03435871,0.1382374,0.77
0.04083906,0.39060715,0.76
0.06120357,-0.27212793,0.73
0.03701508,-0.42144781,0.67
0.06165582,0.02729036,0.61
0.07459851,0.58076811,0.66
0.05969048,0.2203031,0.69
0.03455526,-0.39594856,0.81
0.03901304,0.23581412,0.65
0.04923294,0.40407309,0.52
0.04153201,-0.16801192,0.77
0.04265393,-0.43225348,0.72
0.06933906,-0.00287455,0.66
0.05086851,-0.16079088,0.67
0.01563606,-0.48061407,0.79
0.04342879,-0.54134119,0.72
0.0367478,-0.3037121,0.82
0.04997477,-0.41330373,0.46
0.05118573,0.25252908,0.77
0.06262104,-0.35770178,0.64
0.04799196,-0.34089512,0.71
0.07209353,-0.02091675,0.8
0.04019396,0.16389695,0.61
0.03573759,0.00280622,0.75
0.07049073,0.11187907,0.7
0.06664181,-0.16924979,0.67
0.03826448,0.11902089,0.71
0.04652052,-0.31649542,0.79
0.04264098,0.6519658,0.64
0.06553271,-0.41555214,0.77
0.08472514,0.73189837,0.82
0.02696548,-0.27188826,0.66
0.05825459,-0.00824941,0.54
0.05505161,0.52924478,0.69
0.04153121,-0.27205774,0.69
0.06756887,-0.56203949,0.81
0.0526108,0.64669174,0.77
0.03966756,0.10574014,0.74
0.07060021,0.10159816,0.74
0.05207218,-0.21261866,0.84
0.03035155,-0.36803424,0.78
0.0597442,0.31210566,0.97
0.07055585,0.3409425,0.74
0.06097814,-0.16781454,0.68
0.0948364,1.19196784,0.63
0.05726858,-0.4534466,0.69
0.0437918,0.223316,0.79
0.04391753,-0.51842272,0.84
0.03214394,-0.25252685,0.82
0.075652,-0.00751577,0.78
0.03726468,-0.26892167,0.71
0.05060693,0.11078008,0.77
0.03505582,-0.08103919,0.83
0.04586169,0.26714998,0.79
0.05135306,-0.19666889,0.84
0.06424893,-0.11249828,0.75
0.06431293,-0.45138261,0.87
0.05002823,-0.08804459,0.8
0.03682582,0.27819031,0.81
0.03138606,0.23221937,0.75
0.08150209,-0.1874724,0.79
0.03536576,-0.02505639,0.66
0.0548594,0.1993666,0.74
0.04724901,-0.24478364,0.71
0.05004991,0.58174008,0.83
0.07767218,0.5575853,0.72
0.06084277,0.14552024,0.69
0.05569494,-0.10502636,0.73
0.05817062,-0.42778265,0.76
0.04789224,-0.0906307,0.64
0.06280854,-0.44581628,0.71
0.05404254,-0.16145465,0.75
0.06972048,0.10252636,0.8
0.08430037,-0.47246811,0.72
0.03886186,-0.52538973,0.7
0.04138856,0.2624208,0.81
0.045098,-0.13584578,0.88
0.06526557,0.65069765,0.6
0.04185772,-0.05743527,0.65
0.018777,-0.42023757,0.82
0.04114527,-0.55189246,0.77
0.06952624,-0.20829211,0.82
0.02993456,-0.09112298,0.68
0.09828004,0.53532821,0.84
0.02438367,-0.391752,0.65
0.04242459,0.13077506,0.72
0.04544836,-0.13338575,0.7
0.05816822,0.48667493,0.75
0.02076347,-0.18378715,0.72
0.02928173,-0.02385981,0.78
0.0491844,-0.02489564,0.84
0.03097085,-0.30369398,0.7
0.04023119,-0.34284103,0.76
0.08670183,0.17474969,0.86
0.07616632,-0.10355873,0.72
0.07363255,-0.60169953,0.8
0.06676319,-0.55906427,0.84
0.11562567,0.1111953,0.82
0.06681933,-0.15859206,0.75
0.08161724,-0.55734396,0.68
0.02614108,-0.24894723,0.73
0.07313202,0.11129533,0.75
0.03349786,-0.60885632,0.84
0.03353828,0.0277701,0.66
0.02939504,-0.50928313,0.81
0.05504983,-0.37159178,0.83
0.03324924,-0.12334976,0.89
0.07282577,-0.81227249,0.74
0.05713993,-0.18094771,0.7
0.04568,-0.06850501,0.68
0.0391922,-0.40074438,0.72
0.06399493,0.19279484,0.77
0.02493526,-0.15281248,0.84
0.03151638,-0.31176847,0.87
0.02691405,-0.03889081,0.81
0.03208417,0.06482423,0.81
0.03111593,-0.01796155,0.87
0.03680725,0.13287759,0.82
0.06703934,-0.23293084,0.77
0.09987578,-0.39428172,0.78
0.04978755,-0.10598152,0.7
0.07371939,0.63281673,0.77
0.07043447,0.44888458,0.74
0.06348433,-0.51697868,0.87
0.02598057,-0.28967261,0.91
0.04803988,0.56856459,0.74
0.04139719,-0.47631615,0.65
0.03483171,-0.10394612,0.81
0.01305955,-0.35672766,0.91
0.06076356,0.22766601,0.81
0.048626,-0.40943548,0.9
0.03565093,-0.22183432,0.76
0.04856363,0.00034008,0.66
0.06225225,-0.0751967,0.67
0.03397624,-0.23116183,0.89
0.04656546,0.1299244,0.84
0.04592608,0.45459601,0.86
0.02464691,-0.22130229,0.76
0.02524983,-0.04440461,0.86
0.03165115,0.16441998,0.76
0.04327555,-0.34351769,0.87
0.03745469,0.31310549,0.93
0.08996036,-0.41119039,0.87
0.03792867,0.2832351,0.86
0.04409236,-0.24684563,0.89
0.0348809,-0.04465594,0.8
0.035021,0.227152,0.86
0.05874636,-0.46397752,0.82
0.04527696,-0.15225819,0.86
0.02529493,0.08228564,0.65
0.03436421,-0.59390527,0.9
0.08697909,0.87880272,0.69
0.03660001,0.2290037,0.91
0.06074987,0.58430099,0.7
0.05321737,0.20568299,0.86
0.05488923,-0.30228478,0.81
0.04878652,-0.00295991,0.73
0.0476312,0.11677413,0.81
0.0289984,-0.64821273,0.93
0.0630413,-0.27017733,0.93
0.04558556,0.14256595,0.87
0.04895049,-0.14067665,0.73
0.0646445,0.24134926,0.78
0.07317516,-0.36437821,0.85
0.04108598,0.24475873,0.85
0.03996359,0.02139969,0.86
0.06409194,-0.4457776,0.78
0.0207899,-0.44746393,0.84
0.05720554,0.27720514,0.73
0.04557819,0.304712,0.48
0.06165089,-0.01713529,0.75
0.02592054,-0.16533424,0.74
0.03037011,0.22858503,0.51
0.06332864,0.13701859,0.89
0.02209641,-0.15889978,0.76
0.06413548,0.07262421,0.69
0.05478736,-0.44082224,0.63
0.03529408,-0.24484634,0.71
0.04566442,-0.25443056,0.69
0.04878019,0.2408493,0.7
0.08363787,0.59717923,0.69
0.06993701,0.61866307,0.76
0.03547966,0.17427096,0.73
0.07007816,-0.06148441,0.83
0.04857757,-0.28076717,0.85
0.07187875,0.36217162,0.77
0.04597104,0.37618476,0.88
0.08245832,0.13583559,0.85
0.07343476,0.53510517,0.78
0.03979353,0.16665258,0.79
0.0161665,-0.33968884,0.8
0.03681523,0.31288424,0.85
0.03357053,-0.13544798,0.73
0.07336486,0.01283304,0.86
0.06358235,0.31785434,0.79
0.03675102,0.31222776,0.8
0.04915889,-0.30005565,0.87
0.03676765,-0.14527912,0.81
0.03250641,-0.20030031,0.61
0.04384211,0.16374648,0.76
0.06267583,0.13146281,0.71
0.03765927,-0.09720082,0.82
0.05488274,0.10751225,0.78
0.07445303,0.81843716,0.77
0.04179458,-0.29568869,0.9
0.05033635,-0.25704244,0.78
0.03421524,-0.38875821,0.8
0.04342302,-0.08388312,0.83
0.02310753,-0.33257493,0.67
0.02027568,-0.46598798,0.83
0.05609224,-0.41543669,0.67
0.02982653,0.24041478,0.83
0.05586985,-0.03514374,0.87
0.05637744,0.10106838,0.7
0.04582613,0.31311119,0.93
0.05175523,-0.14099869,0.88
0.04164482,0.37753898,0.82
0.04867204,0.44290271,0.79
0.04646309,-0.00712972,0.74
0.06153015,1.02457523,0.82
0.09298717,1.26948905,0.68
0.04081146,0.05598099,0.85
0.01779704,-0.06451706,0.79
0.03206735,0.33441299,0.8
0.01619853,-0.16018286,0.83
0.0417593,-0.26365924,0.81
0.03824503,-0.37039754,0.81
0.0298654,-0.24826264,0.81
0.04778686,-0.04438846,0.87
0.0544432,0.19943933,0.93
0.04769734,-0.40719217,0.76
0.03142858,-0.14685383,0.92
0.05742024,0.72293532,0.83
0.044403,-0.35974616,0.81
0.05658135,0.52258283,0.78
0.07414994,0.69621205,0.91
0.02603349,-0.17376813,0.78
0.0606042,0.40050653,0.87
0.04378491,-0.39691046,0.87
0.05250452,0.19554369,0.63
0.02172695,-0.30028829,0.76
0.08429602,0.2143106,0.83
0.06920759,-0.27607831,0.87
0.07627896,-0.47733507,0.87
0.03393682,-0.27725348,0.84
0.04098216,-0.29933158,0.76
0.06969018,0.15926698,0.83
0.04618733,-0.02781902,0.87
0.04656318,0.37681869,0.85
0.02644826,0.04008526,0.81
0.06394592,-0.04038114,0.85
0.06261173,-0.04281815,0.85
0.0787595,-0.19355831,0.79
0.04387596,0.07941359,0.83
0.03530293,0.61094189,0.83
0.04075898,-0.43131846,0.82
0.06244047,0.46579194,0.96
0.04512572,-0.22116053,0.82
0.03740053,-0.00868254,0.84
0.05043986,0.1389316,0.83
0.03814036,0.0062112,0.85
0.03098531,0.2491442,0.84
0.05402625,0.23774023,0.76
0.02843204,0.02850134,0.95
0.07594673,0.5723182,0.89
0.05457852,-0.05351432,0.92
0.03832889,0.0767872,0.85
0.0619728,-0.13515227,0.94
0.04694843,0.56702667,0.75
0.0327853,-0.32602146,0.79
0.04364444,-0.12470924,0.77
0.05545118,0.099726,0.81
0.05597493,0.32761851,0.86
0.0389546,-0.3303844,0.64
0.0216079,-0.476971,0.68
0.0447166,0.19348195,0.98
0.04796499,0.00552889,0.89
0.04982227,-0.30969048,0.77
0.04131776,0.02864865,0.95
0.0441286,0.22761108,0.86
0.04169513,0.12666753,0.8
0.06247855,0.45658982,0.85
0.04381273,0.27731451,0.92
0.02809339,0.01563374,0.86
0.07792826,-0.28483999,0.81
0.05517147,0.53022766,0.88
0.04681264,0.10154878,0.77
0.0343463,-0.43744245,0.87
0.05193149,0.49615204,0.96
0.01784426,-0.38087109,0.89
0.02933634,-0.04553358,0.88
0.06456831,-0.04843199,0.91
0.06911449,0.02976468,0.72
0.06911299,0.04545343,0.73
0.03329071,0.00067304,0.92
0.04422731,1.0039556,0.65
0.0397866,0.1432694,0.96
0.04846517,0.62637454,0.83
0.04471088,0.04215893,0.91
0.04514352,0.46888855,0.84
0.05490056,-0.05271307,0.81
0.05654904,0.06347638,0.94
0.03402046,-0.2355656,0.77
0.05590688,0.04046119,0.88
0.0451271,-0.09293432,0.86
0.03704728,-0.29689962,0.78
0.02829277,-0.11333857,0.79
0.01908052,-0.63915038,0.85
0.04440769,-0.03939106,0.91
0.04644752,0.09940105,0.79
0.01769684,-0.31669423,0.77
0.03587813,0.14123514,0.93
0.02850451,-0.4943921,0.86
0.08314416,0.39171222,0.81
0.04121961,0.35042334,0.91
0.10047547,0.42764291,0.91
0.07438809,0.24995965,0.91
0.05010744,0.53558803,0.83
0.03859077,0.08290557,0.8
0.05577978,-0.47260591,0.86
0.04542929,0.29877481,0.77
0.04774788,0.3084994,0.74
0.11241224,0.27848876,0.74
0.04295232,-0.37017566,0.84
0.04586465,0.00609805,0.76
0.04975536,-0.0743963,0.88
0.02669344,-0.35252172,0.91
0.05253057,0.0872652,0.7
0.05060589,-0.10207517,0.87
0.04073234,-0.3450751,0.92
0.05217075,-0.17399471,0.7
0.06545487,-0.21611065,0.75
0.08153872,-0.01315507,0.91
0.03290415,-0.25165287,0.76
0.04687292,0.03766343,0.85
0.06821021,-0.09818288,0.83
0.09395929,0.06246234,0.87
0.04709217,-0.3150242,0.86
0.06052266,0.0820047,0.86
0.0302266,0.0017732,0.87
0.0399121,0.01966037,0.85
0.06140811,0.13792022,0.65
0.03010155,-0.04344839,0.93
0.08584073,0.62154311,0.84
0.03949001,-0.10744075,0.84
0.06051891,0.33922213,0.9
0.03387172,0.12604791,0.84
0.07494116,0.06090234,0.76
0.0445413,0.39086482,0.77
0.03244567,-0.23559567,0.6
0.05721363,-0.28447971,0.88
0.03399734,-0.25219652,0.78
0.02459512,-0.01473859,0.81
0.04896666,0.1525919,0.86
0.09321249,0.17878191,0.94
0.0377176,0.0891796,0.83
0.03525116,0.12714534,0.74
0.03231404,0.0974006,0.72
0.04358881,-0.14360033,0.81
0.03874376,0.23305219,0.79
0.0525379,-0.06146012,0.89
0.04197459,-0.12031605,0.81
0.0377451,0.23071519,0.64
0.02954975,-0.24043982,0.82
0.06643455,0.38016659,0.87
0.04004057,-0.0811678,0.77
0.03879917,0.05373611,0.8
0.02794091,0.14716041,0.8
0.02867822,-0.07952171,0.56
0.08753615,0.71098471,0.79
0.06315487,-0.37045521,0.8
0.05683513,0.30079666,0.88
0.06534296,0.026581,0.83
0.06748718,0.29726791,0.83
0.03697688,-0.36901554,0.82
0.04688423,0.16785711,0.88
0.06118659,0.44420728,0.87
0.05812748,-0.53895897,0.81
0.07757492,0.39412302,0.84
0.0351941,-0.17858873,0.74
0.09345335,0.13661925,0.9
0.02702232,-0.24901778,0.84
0.0437631,-0.38064066,0.87
0.0192676,0.00405068,0.87
0.06354757,0.14871077,0.84
0.05975053,0.65492618,0.88
0.01005415,-0.2215485,0.83
0.03914815,-0.04693731,0.77
0.13465169,0.62360436,0.73
0.03719515,-0.30604061,0.8
0.07996234,0.05682188,0.86
0.04911145,-0.45585406,0.76
0.16644314,0.51924002,0.88
0.04517431,0.11925329,0.77
0.01650077,-0.2671124,0.84
0.03820093,0.16854605,0.8
0.02103614,-0.16684939,0.84
0.02558987,-0.16101986,0.91
0.01942323,0.06485908,0.89
0.08894338,0.35238758,0.92
0.05371049,0.21575661,0.91
0.06381606,-0.15489356,0.89
0.04019438,-0.16307817,0.83
0.02950429,-0.14092055,0.86
0.04443438,0.18850861,0.83
0.02040166,-0.17026916,0.86
0.04362737,-0.17194802,0.87
0.05210452,-0.14470421,0.9
0.05350466,0.36568555,0.8
0.0488026,0.26964027,0.95
0.03901567,0.06985949,0.81
0.04295567,-0.01458451,0.87
0.10165535,0.77353299,0.81
0.03694518,-0.08587538,0.88
0.0366736,0.05010942,0.88
0.04288227,0.22075915,0.75
0.02200602,0.04233179,0.93
0.06843647,-0.2685385,0.85
0.0618905,0.31253165,0.83
0.03780594,-0.09011096,0.93
0.1248687,-0.22109589,0.76
0.02801982,-0.0579158,0.75
0.0393666,-0.2098978,0.93
0.04281726,-0.26723358,0.87
0.03307016,-0.18407036,0.89
0.05123695,0.4965978,0.85
0.09250557,0.29650971,0.92
0.06003309,0.30594346,0.84
0.04064131,0.34197262,0.91
0.03879917,0.11436483,0.9
0.08535139,-0.24413712,0.81
0.05596037,0.31852493,0.8
0.02275066,-0.38765195,0.86
0.06247794,0.35790566,0.87
0.05785317,0.35534608,0.83
0.05184918,-0.27749804,0.79
0.04107985,-0.23852329,0.7
0.04113382,-0.29167143,0.83
0.02895793,0.13741754,0.78
0.03699566,-0.14902237,0.89
0.05868755,-0.19663635,0.91
0.04184123,0.20828187,0.75
0.02311637,-0.10186888,0.92
0.02776255,0.07514498,0.64
0.0421149,0.1188444,0.87
0.04582287,0.0021256,0.89
0.08144545,-0.38519436,0.94
0.01596292,0.04015748,0.87
0.04088327,-0.4296822,0.86
0.0179248,-0.33425885,0.75
0.05951698,0.48599663,0.89
0.05766028,-0.46234173,0.88
0.04663336,-0.41540825,0.91
0.03074271,-0.25415891,0.85
0.03818723,0.1932957,0.84
0.08560656,0.25582123,0.88
0.02625161,-0.22889607,0.88
0.05745634,0.53749961,0.77
0.03372322,0.2289207,0.82
0.05629468,-0.08056154,0.89
0.03381718,0.3109543,0.82
0.04039673,0.05161519,0.9
0.05385594,-0.09978975,0.84
0.05301827,0.23761877,0.88
0.04908887,-0.14615628,0.92
0.02341381,0.11182562,0.94
0.03787297,-0.10990064,0.87
0.03315788,-0.07907157,0.89
0.03656884,0.18349272,0.87
0.03499889,0.13714726,0.83
0.02882051,0.00261225,0.75
0.02773861,-0.15078892,0.78
0.04482729,0.13824682,0.85
0.02064015,-0.17198908,0.83
0.06654905,0.22950827,0.75
0.03370528,-0.19571613,0.85
0.04267147,0.35698569,0.88
0.06399146,0.2596789,0.87
0.03393135,-0.17590992,0.89
0.02725453,-0.21345674,0.87
0.03282654,0.01284667,0.88
0.08851758,0.42605397,0.68
0.02478965,-0.10982038,0.84
0.02780187,-0.02780509,0.91
0.03638038,-0.09015263,0.64
0.05607076,-0.09995672,0.84
0.05350071,0.48116368,0.9
0.03065245,-0.30946884,0.62
0.0427806,-0.1115775,0.94
0.09163073,-0.02333789,0.86
0.06531586,-0.12352616,0.81
0.04681795,0.19976892,0.86
0.02701851,0.1704662,0.88
0.03961121,-0.01640406,0.79
0.02101968,-0.32765639,0.85
0.02844476,0.0892605,0.89
0.0144192,-0.16828613,0.8
0.02920692,-0.14730369,0.88
0.06403551,0.20283374,0.83
0.07393776,-0.04298338,0.72
0.06666953,0.0810219,0.92
0.06264253,-0.28063521,0.94
0.01585449,-0.23658428,0.89
0.06564716,0.03205456,0.84
0.10622901,0.46987665,0.88
0.09050097,0.19116074,0.8
0.04175035,0.09070391,0.79
0.04242535,-0.25143623,0.84
0.10408042,0.19957405,0.91
0.01618281,-0.08053876,0.9
0.03471012,-0.17417064,0.86
0.05288618,0.02068955,0.79
0.04041013,0.27385899,0.88
0.05989105,-0.04821493,0.85
0.02533823,-0.18858258,0.87
0.04651679,0.2279302,0.72
0.03642059,-0.10973048,0.9
0.05086298,-0.24614917,0.86
0.05115534,0.08609282,0.87
0.0392569,0.19646464,0.85
0.01230695,-0.30033907,0.88
0.04811746,0.23958205,0.96
0.04874115,0.16487506,0.88
0.05212826,-0.05619472,0.9
0.04388253,0.25968832,0.95
0.04272559,-0.40250489,0.84
0.04569203,0.16414736,0.84
0.03970154,-0.12761176,0.92
0.02232551,-0.20202893,0.94
0.03774308,0.08325116,0.88
0.06148344,0.11944014,0.83
0.07870496,0.22643742,0.89
0.06983595,-0.14657934,0.9
0.04856852,0.37318191,0.74
0.05442073,0.33070791,0.92
0.03430729,-0.33131388,0.8
0.03054611,-0.0853403,0.85
0.04295507,0.18224691,0.83
0.04502129,-0.06371593,0.92
0.06822477,0.02712102,0.85
0.03960121,-0.19399814,0.84
0.05137648,0.46909878,0.94
0.0265029,0.18268399,0.8
0.03088957,0.01178325,0.87
0.07683724,0.07552775,0.82
0.04772794,0.07876319,0.94
0.02039805,-0.23095995,0.82
0.02487257,0.10387036,0.86
0.0532752,-0.01945725,0.91
0.02719771,-0.09433863,0.87
0.02360454,-0.43637946,0.8
0.03172946,0.02775984,0.83
0.01820104,-0.09124503,0.9
0.01567566,-0.40564978,0.86
0.02265546,-0.36337322,0.8
0.04337208,-0.24022597,0.93
0.03801106,-0.11023142,0.67
0.02065696,0.11359268,0.93
0.01958395,0.05603115,0.83
0.0333675,0.06202351,0.82
0.06188705,0.09181678,0.95
0.05496328,0.17251298,0.8
0.07439424,0.32833615,0.88
0.08319214,0.71365601,0.82
0.05169844,-0.03007875,0.94
0.02964766,-0.02100768,0.82
0.04084656,-0.20863527,0.74
0.03612816,-0.17040938,0.78
0.08997293,0.1849933,0.91
0.04682092,0.39322948,0.67
0.03181219,-0.00221121,0.8
0.03355907,0.03181113,0.84
0.02192814,0.14962745,0.92
0.0280155,-0.18579902,0.9
0.03427677,0.39966151,0.85
0.04450287,-0.05898297,0.9
0.03148742,0.05950365,0.93
0.045322,0.04055732,0.81
0.02993239,-0.08969148,0.93
0.03938124,-0.14962362,0.94
0.04730331,-0.30762374,0.89
0.02933159,-0.11655392,0.91
0.05135208,-0.02480597,0.81
0.05976804,0.04617017,0.74
0.04196735,0.0045935,0.81
0.03392387,-0.13900277,0.85
0.04287247,-0.15433954,0.9
0.04103482,-0.06396779,0.87
0.02463605,-0.17601693,0.84
0.05218255,-0.08867273,0.92
0.02854688,-0.06282861,0.91
0.01821075,-0.01580592,0.88
0.0571807,0.04594412,0.78
0.04429806,0.13796553,0.84
0.03185652,-0.00616831,0.88
0.01991623,-0.36251411,0.76
0.036024,-0.04697353,0.87
0.05289437,0.25002119,0.77
0.06459936,0.28154811,0.76
0.031544,-0.13032535,0.88
0.03937132,-0.19216248,0.77
0.01625014,-0.01589258,0.92
0.04194936,-0.19623715,0.8
0.06455837,0.06690069,0.93
0.06182767,0.32367426,0.91
0.04089966,0.34131324,0.86
0.01315805,-0.14221749,0.86
0.04293168,-0.04969193,0.88
0.06115374,0.25684634,0.9
0.03801568,-0.04665108,0.82
0.07529086,0.20837146,0.84
0.03502945,-0.35202706,0.82
0.05674618,0.30610654,0.86
0.04857929,-0.19108774,0.91
0.04903165,-0.08568238,0.84
0.01931453,-0.12310985,0.78
0.02308866,-0.31125748,0.78
0.01396567,-0.09987567,0.82
0.0193646,-0.39187485,0.92
0.02214985,-0.1859331,0.83
0.03391359,0.12696554,0.78
0.04047472,0.36545387,0.77
0.06083919,-0.20268001,0.89
0.03574434,-0.06467515,0.88
0.0448151,0.1145119,0.87
0.04534066,-0.18835966,0.94
0.04203017,-0.07421508,0.82
0.0540163,0.0337033,0.74
0.04665059,0.34591261,0.88
0.04484544,-0.15879413,0.81
0.03479593,-0.164983,0.78
0.06926899,0.45368129,0.88
0.04768126,-0.30255708,0.8
0.06641857,0.30489185,0.71
0.02426194,-0.05543697,0.8
0.06505083,0.23975194,0.87
0.08044478,-0.54585558,0.74
0.06424449,0.32757455,0.91
0.05600591,0.70665634,0.84
0.0366073,-0.2365175,0.89
0.02673446,-0.39075765,0.87
0.05053325,-0.31593239,0.94
0.05364905,-0.08613971,0.85
0.04929049,-0.27720311,0.82
0.06189968,0.28351349,0.9
0.073493,-0.24003482,0.87
0.07042694,-0.17361742,0.89
0.05954109,-0.06528889,0.89
0.06975265,0.17990935,0.88
0.04941899,0.37261155,0.92
0.03948168,-0.02355753,0.88
0.04375134,0.19166659,0.86
0.05168737,-0.16580367,0.76
0.04401504,-0.06396836,0.75
0.02904269,-0.1153419,0.81
0.02759192,-0.00012451,0.74
0.06827763,0.4537425,0.69
0.03989849,0.18372621,0.8
0.03061806,-0.14193717,0.73
0.05153333,-0.09727503,0.86
0.0616883,-0.25985149,0.72
0.04422296,-0.09791015,0.79
0.02044031,-0.23144111,0.78
0.07612823,-0.28020483,0.84
0.04531342,0.37249535,0.88
0.04231805,-0.14079796,0.84
0.02893947,-0.09733621,0.83
0.02763223,-0.33033669,0.78
0.03296346,0.08760066,0.84
0.03124645,-0.24489732,0.88
0.06042348,0.34045151,0.8
0.02937492,-0.12093748,0.77
0.03808769,-0.01083284,0.93
0.02106417,-0.07267946,0.9
0.04256459,-0.21649936,0.91
0.05538738,-0.08313733,0.97
0.0203899,-0.38857496,0.87
0.02588549,0.00824595,0.86
0.05143441,0.16437568,0.83
0.0386177,-0.44465929,0.91
0.03805771,-0.34141213,0.78
0.0651059,-0.12468282,0.8
0.04420537,0.20766574,0.9
0.03414515,0.1626488,0.84
0.03065484,-0.32363343,0.81
0.05365506,0.47484905,0.89
0.04071032,-0.24525654,0.85
0.03967458,0.0437559,0.93
0.0713475,0.12040018,0.81
0.03411221,-0.14566302,0.9
0.07669106,-0.06201002,0.92
0.04632904,0.1373648,0.82
0.02176172,-0.13735537,0.82
0.03973619,-0.26551557,0.86
0.0530441,0.17037371,0.91
0.05557202,-0.03057991,0.8
0.05221613,-0.08439543,0.92
0.03679146,0.03879177,0.82
0.04365483,-0.05534711,0.91
0.04397016,-0.06747666,0.94
0.03940972,0.01248847,0.88
0.03676549,-0.16783482,0.91
0.02516581,-0.27457756,0.77
0.01910007,-0.27707332,0.91
0.03255507,-0.35436365,0.85
0.05359746,-0.02678792,0.9
0.02239355,-0.16105613,0.85
0.02376707,-0.27389312,0.91
0.05286321,0.33635488,0.82
0.05590132,-0.25678194,0.87
0.02494727,0.00604589,0.85
0.05435746,0.10151304,0.93
0.03583779,0.18559888,0.71
0.05448479,-0.15098451,0.92
0.03010388,-0.23924404,0.93
0.03667575,-0.32568794,0.88
0.06262544,0.15745996,0.89
0.04604751,-0.03899163,0.83
0.04793419,-0.07302213,0.91
0.03841199,-0.06157187,0.85
0.06475657,0.30942801,0.93
0.0531439,0.37613565,0.89
0.02507768,0.24091704,0.77
0.04664813,-0.11562454,0.89
0.0228962,-0.24806763,0.89
0.03591063,0.47840905,0.85
0.03693678,-0.09913068,0.67
0.0698951,-0.20269874,0.69
0.03365265,-0.05199484,0.75
0.02652286,-0.11726483,0.89
0.05983017,0.21795158,0.82
0.0597927,-0.0186984,0.91
0.04464842,-0.06400768,0.81
0.03069364,-0.02292938,0.83
0.05404168,0.32992584,0.91
0.02236012,-0.34654966,0.82
0.02464315,0.08395062,0.78
0.07631025,-0.00477893,0.85
0.05046716,-0.57468319,0.87
0.0789783,0.24163477,0.8
0.02248845,-0.15048128,0.87
0.03081625,-0.18264756,0.95
0.04028971,0.16998857,0.89
0.05231262,0.3393321,0.91
0.03261935,-0.13291986,0.87
0.05098107,0.41911763,0.84
0.06932712,0.09722745,0.84
0.06304283,0.36596495,0.88
0.05507025,0.30338323,0.9
0.03144466,-0.30290917,0.81
0.06857169,-0.08146377,0.92
0.02930289,-0.02980092,0.89
0.10111374,0.36679202,0.76
0.04847454,0.16977996,0.92
0.03071915,-0.0382234,0.94
0.06346285,-0.23401502,0.9
0.05364056,0.46442103,0.88
0.03846964,0.06601518,0.89
0.03258832,0.0077684,0.8
0.02474792,-0.30236036,0.82
0.06409474,0.10161456,0.82
0.03193594,-0.24045117,0.92
0.05123951,0.16740033,0.77
0.04824071,-0.19006018,0.92
0.0427195,0.12889995,0.88
0.02869095,-0.27978456,0.83
0.07218668,0.13197605,0.82
0.07376488,-0.26875836,0.96
0.03863588,0.27880508,0.69
0.02933261,0.04544948,0.8
0.02940315,0.00725811,0.89
0.05245944,-0.14198861,0.86
0.03452014,0.00030873,0.89
0.04695883,-0.10396286,0.79
0.036263,0.09849426,0.89
0.05197029,-0.00223923,0.9
0.07201143,0.0444393,0.91
0.0679011,0.2832028,0.84
0.04660276,0.09381439,0.9
0.04627063,-0.21195538,0.92
0.05053852,-0.23897231,0.85
0.05374201,-0.14304343,0.91
0.05917297,-0.00098315,0.88
0.02844065,-0.07319604,0.93
0.04442075,-0.01074455,0.79
0.04586183,-0.00523954,0.93
0.04482451,0.10464267,0.9
0.02511541,0.18505083,0.84
0.03033519,0.02183415,0.82
0.03565148,-0.18398805,0.81
0.04148215,0.3164531,0.96
0.05854113,-0.11915489,0.88
0.01844707,-0.12834527,0.93
0.02825593,-0.0131222,0.95
0.04150363,-0.26554272,0.95
0.0348848,0.22852936,0.77
0.06405064,0.65826333,0.91
0.03462346,-0.02018227,0.91
0.04337019,0.14046066,0.93
0.06688871,-0.19060306,0.92
0.06511144,0.12373444,0.89
0.04646108,0.14288607,0.85
0.07625505,0.25216228,0.9
0.03046317,-0.17921866,0.92
0.03635401,0.0935549,0.74
0.03878026,0.10867859,0.88
0.04073887,-0.19610885,0.9
0.03840724,0.34516159,0.94
0.03159024,0.13231044,0.89
0.02472727,-0.24908221,0.81
0.06470139,0.2815178,0.86
0.08528086,0.40206859,0.89
0.07017778,0.05367774,0.82
0.04666221,0.02508156,0.79
0.03904409,-0.24343139,0.97
0.05163277,-0.14007638,0.91
0.04736276,-0.21840607,0.82
0.02002553,-0.28316027,0.86
0.07639915,0.06533638,0.87
0.12384178,0.42866936,0.88
0.07052405,0.30240417,0.88
0.09501702,0.10814032,0.92
0.08720195,0.44912848,0.86
0.03981726,0.16680439,0.95
0.03771276,-0.1840656,0.91
0.05238305,-0.06431596,0.86
0.04171919,0.28912178,0.78
0.09845158,0.57332426,0.89
0.04055637,-0.23936105,0.84
0.02258324,-0.25600192,0.85
0.03917969,0.00099134,0.91
0.03843263,0.14954032,0.89
0.05894221,-0.02230855,0.95
0.03439609,-0.35993427,0.93
0.05740508,-0.12712711,0.92
0.08959544,0.13282673,0.77
0.04845577,-0.14666219,0.92
0.03628208,0.01888716,0.94
0.0779222,0.05687428,0.91
0.0387945,-0.34462985,0.87
0.05305395,0.01758193,0.93
0.04337735,-0.32022741,0.79
0.05558928,-0.0321696,0.98
0.05479034,-0.13462244,0.82
0.02258254,-0.15711601,0.91
0.04618908,0.2240591,0.9
0.06126517,-0.19790755,0.91
0.02889283,0.13867256,0.99
0.04469632,-0.2375441,0.97
0.02388903,-0.0711345,0.92
0.02105524,-0.24231982,0.93
0.10410976,0.50885826,0.96
0.03944652,-0.21089341,0.97
0.04208202,0.11442919,0.84
0.03267155,-0.11712459,0.92
0.03446014,-0.32295725,0.89
0.05085431,-0.0596816,0.94
0.07282861,-0.08890497,0.94
0.02804838,0.2043256,0.89
0.05306054,0.23783037,0.85
0.05428267,-0.21388745,0.85
0.03791364,-0.10831846,0.81
0.05051931,0.57590103,0.94
0.07575683,-0.31547078,0.92
0.0427495,0.04758029,0.87
0.06644056,-0.03798988,0.93
0.04398781,0.07763959,0.8
0.06532136,-0.04055097,0.91
0.03333477,-0.01939194,0.79
0.03423828,0.28534913,0.69
0.02549538,-0.17996392,0.92
0.10167021,0.87202996,0.85
0.03604808,-0.02754897,0.92
0.06036276,0.34180808,0.91
0.05328774,-0.12188162,0.87
0.02878976,-0.22843976,0.81
0.03908815,-0.05812556,0.88
0.03466001,0.21071734,0.86
0.0352631,-0.12678276,0.9
0.02670542,-0.29175824,0.82
0.01878119,-0.19510926,0.95
0.0450088,0.02102157,0.98
0.05406984,-0.09344761,0.9
0.05958265,0.35852769,0.9
0.02131205,-0.07524145,0.84
0.03682861,0.10079727,0.84
0.06905269,0.47121155,0.96
0.07565345,0.14944984,0.85
0.06182106,-0.23432685,0.92
0.03763173,0.03054032,0.74
0.06143418,-0.08147465,0.92
0.08094513,0.12144139,0.95
0.0810307,0.23461786,0.94
0.04069475,-0.02435977,0.85
0.03898061,-0.34909251,0.87
0.04464417,-0.0511115,0.9
0.04868413,0.68089366,0.9
0.04052058,-0.13542233,0.83
0.03773054,-0.32837018,0.87
0.03416074,-0.10402275,0.87
0.02252173,-0.14056072,0.97
0.05634378,0.00572852,0.91
0.02221754,-0.29798216,0.83
0.04266824,-0.06939257,0.94
0.02931634,-0.15857549,0.94
0.04741223,-0.00067282,0.92
0.06967805,-0.0472145,0.93
0.05567484,0.79278958,0.85
0.0434918,-0.20200896,0.95
0.0353453,-0.13366619,0.92
0.03568153,0.15257017,0.94
0.02794758,0.04965879,0.86
0.05950119,0.03038682,0.93
0.03753168,-0.05391772,0.94
0.03511689,-0.03556456,0.95
0.04665904,-0.11461073,0.89
0.05124793,-0.16618811,0.81
0.03349216,-0.31330544,0.88
0.02863446,-0.04945305,0.87
0.08064131,0.01508994,0.89
0.02146649,-0.1246613,0.82
0.01695472,-0.26734078,0.88
0.03454695,-0.24599768,0.89
0.03013358,-0.13400412,0.92
0.04325109,-0.03665234,0.93
0.05281353,0.05337297,0.91
0.04786965,-0.10886179,0.93
0.07061297,-0.22886154,0.93
0.0538398,0.33969477,0.76
0.05812187,-0.12762499,0.91
0.0412884,0.07206398,0.93
0.0358656,0.02358584,0.91
0.04830525,0.43158576,0.79
0.03053893,-0.28762469,0.91
0.05781925,-0.17117964,0.96
0.01476195,-0.07997952,0.93
0.03445608,0.08082848,0.91
0.028787,0.15016857,0.94
0.05142209,-0.07417978,0.91
0.07010923,0.14784637,0.86
0.03415883,-0.02101613,0.9
0.04820098,0.14969562,0.91
0.05213177,0.21099852,0.85
0.02964416,-0.35908535,0.8
0.02987669,-0.29068583,0.84
0.04201517,0.29769492,0.9
0.05455708,0.12604219,0.84
0.03197032,0.08225235,0.96
0.06170157,-0.12677498,0.86
0.02900676,-0.14434826,0.9
0.06733474,0.29908007,0.92
0.02778666,-0.19978806,0.82
0.08086254,0.02816439,0.87
0.04215798,-0.03022777,0.96
0.07044391,0.15098624,0.95
0.06547771,0.18271929,0.88
0.06776179,-0.16774054,0.96
0.05851387,0.15938656,0.94
0.04608588,0.02859682,0.97
0.03530791,-0.248436,0.87
0.06085902,0.16918015,0.97
0.05878515,0.28886268,0.87
0.06583486,0.07888035,0.88
0.06390351,-0.0253715,0.93
0.02724025,-0.00728124,0.9
0.02133349,-0.04936728,0.95
0.0232419,0.21050103,0.91
0.04638642,-0.21918663,0.93
0.04733463,-0.20511365,0.86
0.03322974,0.14753558,0.9
0.0482437,0.14804508,0.9
0.04271391,-0.26693931,0.93
0.02170875,-0.07332401,0.88
0.03614695,-0.25592995,0.99
0.04611594,0.00892703,0.92
0.05525408,0.03313775,0.87
0.02396934,-0.1459844,0.82
0.04377929,-0.16250423,0.88
0.03711599,-0.2637237,0.81
0.07743825,0.07812909,0.85
0.04405946,0.01828794,0.94
0.04265553,0.20412791,0.94
0.02886935,0.15256423,0.9
0.06322772,0.06318963,0.79
0.02560873,-0.09736315,0.89
0.03812277,0.03701551,0.86
0.0803185,-0.0279206,0.85
0.02773109,-0.26761127,0.87
0.05458487,-0.18409029,0.94
0.06114985,-0.36339059,0.97
0.03945746,-0.30120847,0.86
0.04717924,-0.02568231,0.86
0.03959721,0.02528301,0.9
0.04531337,0.14499801,0.9
0.02800173,0.08997641,0.9
0.0636468,0.28518116,0.92
0.02586818,-0.15500371,0.88
0.05641303,0.22032426,0.88
0.041845,-0.16291197,0.96
0.04477979,0.03014627,0.87
0.02386311,0.14372607,0.93
0.05852324,0.23681171,0.94
0.02443853,0.11128215,0.94
0.06188612,0.09413506,0.95
0.02391273,-0.19425921,0.81
0.06065754,0.18909827,0.8
0.04424442,0.0587808,0.94
0.06917432,-0.01480701,0.97
0.03783381,0.06877857,0.91
0.05247598,0.35721073,0.96
0.03615947,-0.29716972,0.96
0.02920272,-0.13962263,0.93
0.05277513,0.28202742,0.91
0.027829,-0.08483306,0.84
0.05055238,0.05112252,0.85
0.02261967,0.08448509,0.64
0.03209957,-0.28682917,0.91
0.04123014,-0.00293138,0.97
0.02487376,-0.26382223,0.9
0.10406001,-0.01340902,0.96
0.0383995,-0.06396907,0.89
0.02378779,-0.14055434,0.94
0.03488558,0.21074778,0.95
0.02539703,-0.24180251,0.94
0.03581298,-0.05711324,0.86
0.03784547,-0.08325858,0.93
0.02373216,-0.06270172,0.81
0.06998467,0.37071428,0.94
0.03790479,0.03516484,0.78
0.06341141,-0.09074555,0.91
0.03763892,0.08304946,0.96
0.03668324,-0.1805166,0.93
0.05024378,0.19047873,0.88
0.06475393,0.22888613,0.93
0.06994712,0.01415329,0.96
0.04181012,-0.08143976,0.93
0.0486935,-0.21275735,0.88
0.02938602,0.22188777,0.93
0.02914305,-0.23075055,0.93
0.05254682,-0.03971113,0.98
0.02963387,-0.07526929,0.88
0.07915078,0.1595026,0.95
0.0268892,-0.19638005,0.96
0.04171859,-0.22769083,0.92
0.02438667,-0.09615076,0.97
0.02016269,-0.19671427,0.92
0.04871473,-0.18355323,0.88
0.03365727,0.1460681,0.78
0.07903327,-0.03204477,0.93
0.04327606,-0.14216599,0.94
0.07735257,0.42291635,0.93
0.02694628,-0.10096946,0.88
0.03789923,0.07294876,0.86
0.02388881,-0.00048193,0.97
0.03601747,0.09151578,0.93
0.05384734,0.3283594,0.87
0.04992319,0.04523446,0.93
0.02331348,-0.32270613,0.91
0.06417825,-0.11527875,0.9
0.07057507,0.35115191,0.8
0.02901747,-0.01539601,0.8
0.04811917,0.18675707,0.84
0.05902771,0.26252356,0.92
0.06137216,0.3221117,0.96
0.06802635,0.41091737,0.91
0.05362291,0.16757044,0.93
0.04115339,0.38686347,0.86
0.07170909,0.0634763,0.94
0.03924783,-0.16736811,0.95
0.03746233,0.14655562,0.85
0.07319082,-0.1547398,0.87
0.04939853,0.04184092,0.9
0.0480605,-0.14970246,0.95
0.01936768,-0.04559834,0.94
0.04459142,-0.01378628,0.91
0.06993052,0.36537424,0.89
0.04333379,0.18445067,0.97
0.05230454,0.20343792,0.92
0.04010922,-0.17660578,0.97
0.04155221,-0.27268788,0.79
0.0257078,-0.12009932,0.91
0.03991233,0.45854053,0.92
0.05202783,0.05249896,0.9
0.11072993,0.44854268,0.91
0.03642272,0.17910428,0.89
0.05221197,-0.19203505,0.94
0.02512899,-0.03705063,0.9
0.04887428,-0.11376423,0.93
0.04481006,0.43453485,0.96
0.04966066,0.35673642,0.92
0.09361233,0.78541309,0.96
0.01707528,-0.17235349,0.95
0.07922729,0.18971442,0.93
0.03402115,0.05454972,0.96
0.03672075,-0.24600995,0.94
0.04483988,-0.02362686,0.94
0.02741182,-0.04534779,0.88
0.09226552,0.2106438,0.97
0.08666714,0.09941176,0.91
0.03742654,0.0965047,0.92
0.04701895,-0.26674363,0.89
0.04439864,0.01585662,0.7
0.03506707,-0.25896978,0.94
0.04330576,-0.18527208,0.93
0.09153428,0.39036092,0.97
0.05826923,0.22173131,0.93
0.04061551,0.21710733,0.94
0.0549645,-0.07247584,0.91
0.01735769,-0.09666584,0.96
0.06474832,0.70601225,0.86
0.02859295,-0.29740673,0.9
0.05518241,-0.1941472,0.96
0.02860769,0.0244644,0.92
0.06542144,0.34568518,0.89
0.05158398,-0.25870594,0.96
0.0224233,-0.10101264,0.97
0.03321433,-0.1538374,0.88
0.02520251,-0.01719578,0.87
0.06004041,-0.07947798,0.9
0.02982101,-0.04214453,0.93
0.08917505,-0.12967062,0.96
0.02729332,0.15983537,0.82
0.02724348,-0.18766381,0.95
0.0108231,-0.41221753,0.96
0.02135552,-0.0497025,0.85
0.06802525,0.42609996,0.92
0.07879947,0.39073199,0.93
0.07303736,0.18485302,0.89
0.03711241,0.34980023,0.94
0.04510739,-0.12243614,0.9
0.07042436,0.64125699,0.92
0.02400819,-0.01374833,0.95
0.04435553,0.42456603,0.94
0.02701354,-0.09052605,0.95
0.02281361,-0.25788531,0.95
0.04136072,0.02393191,0.95
0.05460471,0.11564749,0.85
0.02369916,-0.03716703,0.76
0.05578776,-0.09180045,0.88
0.0718433,0.53280878,0.74
0.05664515,0.32963711,0.87
0.01905806,-0.19437195,0.69
0.02033554,-0.12495381,0.87
0.03099006,-0.20426792,0.9
0.0432892,0.16555305,0.92
0.06440973,0.1193277,0.85
0.0487588,0.11858691,0.91
0.0544986,0.14488676,0.89
0.02824127,-0.16638315,0.96
0.02034152,-0.04881774,0.87
0.04693135,-0.19913584,0.92
0.03606615,0.13318391,0.93
0.01909976,-0.16043507,0.88
0.05248006,-0.14390069,0.88
0.0325083,0.04581224,0.93
0.07850278,-0.19583474,0.98
0.05140612,0.39853111,0.93
0.04181708,0.06341192,0.87
0.01878985,-0.23427524,0.95
0.0170151,-0.17452195,0.9
0.03325856,-0.18525442,0.89
0.05475112,-0.07886121,0.94
0.04342705,0.39117533,0.92
0.02490983,-0.2233513,0.91
0.04812038,-0.18596081,0.97
0.05728196,-0.2315753,0.94
0.03297019,-0.05080007,0.92
0.06955468,0.35438162,0.86
0.02555728,-0.08195703,0.88
0.06111798,-0.1113261,0.97
0.05563691,-0.26505163,0.95
0.03731412,-0.27356258,0.95
0.08626096,0.22406723,0.97
0.10051392,0.72720593,0.9
0.04295215,-0.18696538,0.78
0.04571677,0.01040687,0.86
0.061212,0.03254448,0.82
0.06508404,0.22907996,0.96
0.06405204,-0.15887506,0.8
0.1058378,0.17057653,0.83
0.06496046,0.37633002,0.8
0.05971991,-0.03695675,0.88
0.07941388,0.23328596,0.91
0.03667393,0.01402345,0.91
0.02275474,-0.01613235,0.88
0.03798119,0.01328656,0.94
0.05524107,0.01075721,0.85
0.0757765,-0.25476229,0.9
0.04856568,-0.09310074,0.82
0.10723718,0.11503463,0.82
0.06963143,0.0744851,0.93
0.04921069,-0.0756982,0.75
0.0614625,0.32169822,0.85
0.07998425,-0.06450897,0.9
0.06328019,-0.27490419,0.95
0.02819831,-0.23176168,0.87
0.11244754,0.75458235,0.87
0.06079382,0.09075394,0.91
0.05727129,0.17022558,0.87
0.01769177,-0.30001879,0.9
0.03859504,-0.04911783,0.93
0.04874846,-0.16822392,0.97
0.06243151,0.27377638,0.96
0.05970132,0.15502942,0.88
0.03444371,-0.20920502,0.93
0.03070564,-0.20008481,0.95
0.02818186,-0.24437581,0.92
0.0563291,0.08989047,0.9
0.02908672,-0.12046567,0.92
0.03358055,-0.13014054,0.9
0.05659126,-0.14647609,0.72
0.02825341,-0.05651267,0.87
0.02581332,-0.11858422,0.77
0.03947567,-0.32877231,0.84
0.05785388,-0.23307237,0.75
0.0473704,0.06176572,0.9
0.04709835,0.00092095,0.89
0.08184388,-0.01742548,0.89
0.07980587,0.02606981,0.87
0.07606062,-0.03812633,0.92
0.0420653,0.04544595,0.71
0.09808764,0.36567816,0.82
0.02390641,-0.0948099,0.79
0.02647626,-0.1445795,0.9
0.06180719,-0.03029168,0.84
0.06867236,0.08073819,0.88
0.0419107,-0.23342086,0.77
0.06399003,0.07330702,0.94
0.06202797,0.20216942,0.9
0.04178722,0.11615166,0.85
0.0335333,0.27666259,0.94
0.04474559,-0.16477409,0.9
0.06021171,-0.1613217,0.89
0.04525202,-0.25090906,0.8
0.04736487,-0.11881738,0.83
0.09783133,0.4373275,0.85
0.0783831,0.08943734,0.89
0.04667906,0.01083976,0.84
0.0281073,-0.26297906,0.82
0.05729651,-0.18129365,0.83
0.01621981,-0.05684402,0.86
0.06114975,0.08718959,0.88
0.04225795,0.06683809,0.78
0.05287302,0.41249454,0.78
0.02568193,-0.27441549,0.89
0.0273286,-0.31844437,0.95
0.03359169,-0.29365999,0.9
0.05006891,-0.08445329,0.73
0.02189756,-0.12384704,0.95
0.01997688,-0.19832775,0.84
0.05242978,0.11330867,0.89
0.05694141,0.21414916,0.89
0.03564588,-0.04633269,0.83
0.04731907,-0.06574775,0.93
0.06174302,0.03067084,0.94
0.02693652,-0.03762563,0.89
0.02742212,-0.17082714,0.76
0.02472918,-0.13452777,0.83
0.06297559,0.03913438,0.92
0.0817313,0.08186465,0.89
0.11339335,0.39303029,0.86
0.04658998,-0.12524344,0.87
0.07389249,-0.04936076,0.93
0.02636,-0.51380605,0.95
0.04891804,-0.37054086,0.89
0.05023587,0.01754438,0.77
0.05505718,0.01212945,0.82
0.02623043,-0.34260723,0.88
0.02654661,-0.16896693,0.79
0.02856458,-0.13908923,0.82
0.02014372,-0.31578827,0.85
0.03090689,-0.0251895,0.71
0.03412507,0.21424296,0.82
0.0336573,0.09909954,0.84
0.03604098,0.34743303,0.9
0.08704693,0.00584298,0.73
0.07903975,0.44223446,0.94
0.04851748,-0.29104179,0.84
0.07271203,0.11826483,0.81
0.05312596,-0.2538321,0.91
0.05593765,-0.19355753,0.81
0.07435943,0.43818524,0.76
0.06629708,-0.21083434,0.84
0.03453413,-0.27017421,0.81
0.07273874,0.23712707,0.84
0.05937785,-0.06783368,0.83
0.04944245,-0.1628779,0.88
0.05647511,0.31816804,0.91
0.07524192,0.23891906,0.91
0.03480773,-0.07653176,0.82
0.05640112,0.19520657,0.9
0.05527409,0.15114607,0.85
0.09043722,0.30881843,0.9
0.03325433,-0.05765837,0.93
0.01785795,-0.0220028,0.89
0.06814044,-0.10917597,0.88
0.07797326,0.10585454,0.89
0.06184092,0.13588862,0.91
0.05912869,0.19086161,0.89
0.04679406,-0.08005781,0.88
0.0692016,-0.00226535,0.85
0.03737399,-0.40992516,0.73
0.03007922,-0.0115569,0.69
0.05730754,0.26412198,0.78
0.04313211,0.20786898,0.87
0.0868912,0.05229224,0.88
0.06439158,0.06012097,0.92
0.03686726,-0.15207098,0.94
0.04048038,-0.05080526,0.79
0.02259832,-0.23207623,0.89
0.07827355,0.09836152,0.79
0.04034791,-0.30250734,0.93
0.10507967,0.01550691,0.86
0.07339185,0.41946849,0.79
0.06027625,-0.28737116,0.87
0.04792207,-0.06825643,0.79
0.05146616,0.02115642,0.92
0.08176151,-0.11040431,0.83
0.0727124,0.35655746,0.87
0.06685637,-0.03282903,0.86
0.03138395,-0.13737237,0.87
0.0385293,0.17203666,0.87
0.05692178,0.17018265,0.95
0.06223112,0.129958,0.95
0.0593656,0.19703415,0.89
0.06108462,-0.12130229,0.91
0.01937867,-0.14446655,0.96
0.04828218,0.00826935,0.88
0.04402445,0.18516739,0.96
0.05032818,0.08693831,0.91
0.06931579,0.06474582,0.94
0.05830581,0.15264924,0.89
0.033199,-0.15862943,0.81
0.07559708,0.13070521,0.92
0.03917512,-0.02064328,0.91
0.03467982,-0.21293549,0.75
0.06075488,0.27036184,0.94
0.0731321,0.07862096,0.95
0.02985373,-0.08034031,0.87
0.10457364,0.41260257,0.96
0.07053714,0.21733658,0.85
0.05974266,0.10634604,0.96
0.05589557,-0.11085525,0.93
0.03466275,-0.08478552,0.81
0.03174471,-0.03228731,0.85
0.04641299,-0.12913747,0.86
0.02768918,-0.16864331,0.86
0.07499976,0.14994931,0.91
0.06101884,0.36673415,0.89
0.03685801,-0.18476009,0.8
0.02335749,-0.1743724,0.86
0.04829548,-0.07209725,0.9
0.05779523,-0.20611569,0.78
0.01634067,-0.14871149,0.82
0.03409123,-0.18596098,0.87
0.05655688,0.13122961,0.91
0.04049587,0.23149854,0.74
0.054059,-0.28160089,0.81
0.05352768,0.10458106,0.85
0.09159546,0.1450077,0.82
0.05897962,0.37950957,0.85
0.09529042,0.00188711,0.87
0.02841506,0.01465814,0.92
0.02984442,-0.20706369,0.91
0.03984667,0.1272907,0.87
0.03827839,0.0786178,0.92
0.04734856,0.01764297,0.89
0.04330101,0.11550296,0.85
0.02938731,-0.30879733,0.69
0.02171035,-0.22202307,0.93
0.04224351,-0.20964096,0.82
0.05670223,-0.02160168,0.82
0.04127798,0.11400504,0.82
0.04965542,0.03461684,0.88
0.04438537,0.14053766,0.79
0.18935283,0.73712856,0.77
0.06197173,-0.09207036,0.77
0.0553825,0.14094834,0.85
0.07527052,0.03573835,0.91
0.07173971,0.26766479,0.82
0.02453363,-0.33313835,0.92
0.04007363,-0.12544809,0.76
0.04407869,-0.16310129,0.86
0.04886754,-0.02383769,0.91
0.01883955,-0.3045435,0.79
0.05570253,-0.00505393,0.9
0.0931031,0.15841386,0.91
0.08604442,0.18493675,0.9
0.06580334,-0.07715991,0.88
0.0482145,-0.03165803,0.95
0.05137518,0.39456993,0.94
0.04657891,0.20464337,0.94
0.04465438,0.55083621,0.95
0.05733774,0.00867582,0.96
0.06871897,0.2998215,0.82
0.04586544,-0.25856596,0.92
0.01669957,-0.14955421,0.91
0.06680176,0.04706039,0.9
0.02032015,-0.16333644,0.88
0.07058911,0.18337093,0.86
0.0307725,-0.03022767,0.84
0.04058611,-0.28635848,0.68
0.06249326,-0.28710309,0.5
0.0622311,0.14065699,0.86
0.04322616,-0.30287641,0.82
0.06674704,0.0865658,0.91
0.03319263,-0.07180407,0.92
0.04292954,-0.22632478,0.74
0.0488501,-0.15677051,0.86
0.03727017,-0.07861061,0.89
0.02968783,0.50516659,0.92
0.05276028,0.14826436,0.8
0.03806204,-0.07582044,0.7
0.05940834,-0.0551785,0.79
0.0376576,0.04536093,0.81
0.05708782,-0.04334693,0.89
0.0335548,-0.17234077,0.77
0.04900865,0.17847922,0.84
0.03027174,-0.00086071,0.9
0.03841151,-0.12398065,0.9
0.0710901,-0.09544723,0.84
0.088284,0.642407,0.89
0.04256628,-0.26566583,0.86
0.075069,0.12816767,0.92
0.02443586,-0.2990565,0.82
0.07121649,0.05730972,0.76
0.03344424,0.02368886,0.79
0.03720507,-0.17888445,0.93
0.03239338,-0.16778511,0.89
0.05974084,-0.14822438,0.89
0.05220605,0.39120221,0.84
0.04110977,-0.10702234,0.88
0.07443747,0.11659488,0.92
0.07638679,0.19092476,0.78
0.06712612,0.03248673,0.92
0.0576909,0.2031067,0.82
0.03313261,-0.22506768,0.83
0.05122733,-0.01122177,0.92
0.05000948,0.09112442,0.94
0.05712294,0.12941253,0.98
0.02982112,-0.23464,0.81
0.05169884,0.00515675,0.85
0.08735549,0.26185313,0.93
0.04963097,-0.06233568,0.75
0.02488961,-0.05494869,0.83
0.04334998,-0.20308495,0.81
0.0498541,0.28957006,0.9
0.04696351,-0.02815347,0.75
0.03992606,-0.05626781,0.78
0.02956975,-0.18953352,0.86
0.03189382,-0.27828863,0.91
0.08648879,0.25002456,0.86
0.0607205,-0.05810738,0.85
0.07962607,0.06646349,0.86
0.06304491,0.04983276,0.77
0.03950816,0.20435701,0.82
0.04909754,-0.11263992,0.88
0.04783204,0.03539565,0.53
0.06011772,-0.11778031,0.65
0.03574746,-0.09327023,0.86
0.02900309,0.16621128,0.92
0.02151277,-0.23392107,0.91
0.06112158,-0.04152184,0.86
0.02920429,0.04348477,0.68
0.05090064,0.07439397,0.85
0.04445012,-0.00861658,0.82
0.06097584,0.74054819,0.55
0.05778878,0.50463498,0.8
0.08521342,-0.24345016,0.87
0.07968756,-0.15535793,0.81
0.04992737,-0.27801391,0.83
0.03816172,-0.11325026,0.94
0.0494045,-0.26633963,0.84
0.0767469,-0.32267576,0.91
0.07192679,0.24603473,0.83
0.04906417,-0.01824208,0.89
0.05160181,-0.24359722,0.89
0.0511195,-0.09603501,0.82
0.06666326,-0.14856745,0.89
0.08023898,0.27186733,0.85
0.02693677,-0.06942419,0.91
0.02469708,-0.23002745,0.9
0.04549897,0.09468209,0.85
0.02830245,-0.06287581,0.82
0.03725073,0.12792319,0.8
0.05382422,-0.02474586,0.87
0.05127324,0.41193047,0.83
0.02508359,-0.23005797,0.87
0.04306239,-0.02593143,0.9
0.04657546,-0.09510012,0.9
0.03119703,-0.29738951,0.85
0.06108037,0.01059567,0.94
0.06482797,0.03471668,0.93
0.04144441,-0.24302612,0.93
0.05943312,0.06113889,0.95
0.05076218,0.17638049,0.88
0.0390144,-0.16147768,0.71
0.01859176,-0.10144828,0.91
0.03020273,0.06050907,0.78
0.07963075,0.71808422,0.84
0.05701098,-0.37337917,0.89
0.06860311,0.14858371,0.86
0.05596141,-0.00318857,0.82
0.03460179,-0.04688039,0.89
0.03611971,0.04952416,0.78
0.03311887,-0.2371245,0.88
0.11562531,0.66353971,0.86
0.04467732,0.01658694,0.81
0.07617691,0.34138945,0.9
0.04566837,-0.21871486,0.77
0.04938677,-0.37005672,0.77
0.03452944,-0.22962244,0.82
0.06181808,0.27119693,0.84
0.01829703,-0.06206894,0.81
0.02899883,-0.03369442,0.9
0.02687894,-0.03758886,0.86
0.02774472,-0.22476472,0.91
0.04602742,-0.13189907,0.59
0.04840212,0.0592947,0.85
0.04498224,0.10813274,0.96
0.05037255,-0.1568982,0.92
0.03615618,-0.21782312,0.76
0.03259931,-0.17960387,0.88
0.02869488,0.11759669,0.87
0.05208911,0.47854725,0.76
0.04444817,-0.1769456,0.87
0.06999614,-0.00225339,0.87
0.03152644,-0.14093764,0.86
0.06587809,0.14349154,0.84
0.04747261,0.00013353,0.79
0.03905087,-0.1383611,0.86
0.04242232,0.13412344,0.93
0.09117462,-0.05964626,0.88
0.04466157,-0.17974575,0.94
0.03826392,0.08351897,0.95
0.05725551,-0.12002772,0.76
0.04273276,-0.14394863,0.83
0.02116234,-0.24542473,0.74
0.05888868,0.30430195,0.87
0.0441558,-0.00080237,0.87
0.03150415,0.16501623,0.84
0.06851454,0.1519964,0.82
0.05199493,-0.01142672,0.88
0.04356907,0.01166164,0.94
0.0462513,-0.09562254,0.89
0.0408513,-0.00817603,0.95
0.0399357,0.00739153,0.83
0.02983475,-0.00931349,0.86
0.0144187,-0.18623593,0.69
0.02976462,0.07491072,0.84
0.03076297,-0.15218946,0.92
0.03545453,-0.08622087,0.97
0.08014837,-0.21688309,0.87
0.04809448,0.18565403,0.97
0.02513403,-0.13639268,0.92
0.04827905,0.13727194,0.88
0.04357374,0.07722905,0.82
0.03906668,-0.18765348,0.85
0.04964111,-0.13264757,0.95
0.02729161,-0.03709419,0.72
0.02258307,-0.30298141,0.8
0.08878204,0.07141028,0.88
0.07595064,0.00439568,0.95
0.10068753,0.41393468,0.95
0.04394286,-0.0613813,0.88
0.04903035,0.09562326,0.95
0.02653126,-0.31185138,0.87
0.0554111,0.59192652,0.88
0.03832861,-0.02739784,0.89
0.07673346,0.3962836,0.9
0.02244125,-0.05368355,0.83
0.03827355,0.15991503,0.9
0.03486253,-0.02533777,0.79
0.06364051,-0.22715056,0.87
0.04350642,0.11686715,0.87
0.06335294,0.55195719,0.92
0.05109787,0.10466807,0.89
0.0457581,-0.12723827,0.93
0.03623094,-0.13745302,0.88
0.05094337,0.40214765,0.94
0.03976429,-0.24517466,0.97
0.05187296,-0.0092392,0.98
0.06062724,-0.11020123,0.91
0.02958103,-0.24648932,0.88
0.06018924,0.12922432,0.97
0.04809409,0.00667389,0.86
0.03870193,-0.06684902,0.86
0.06424381,-0.09322509,0.9
0.05713351,0.14057173,0.94
0.05552801,0.12631229,0.84
0.02054642,-0.09006231,0.8
0.06327507,0.10849249,0.92
0.02336068,-0.32095778,0.77
0.07881052,0.39909035,0.94
0.07494999,-0.12435741,0.93
0.03101865,-0.18582977,0.88
0.03237989,-0.08133263,0.82
0.05432855,0.08570413,0.88
0.05722545,-0.05310557,0.86
0.10469117,0.14854664,0.96
0.05084208,-0.09964065,0.88
0.07506878,0.0296155,0.94
0.08217037,0.23986048,0.93
0.07397683,-0.18795638,0.8
0.07737156,-0.12076447,0.87
0.041228,-0.11718179,0.92
0.03516646,-0.06076984,0.89
0.04520719,-0.06877577,0.91
0.07345314,-0.39925495,0.89
0.03810582,-0.19299272,0.91
0.08715105,0.300962,0.85
0.04304163,-0.25669679,0.86
0.0410499,-0.28666577,0.85
0.0327995,-0.19435222,0.88
0.02589844,-0.22979264,0.97
0.02218571,0.1932721,0.9
0.06896999,-0.13131733,0.94
0.02222275,-0.26852894,0.94
0.02276092,-0.11502964,0.92
0.02699543,0.15485877,0.82
0.05045676,0.07096544,0.9
0.09219779,-0.06638528,0.89
0.02282287,-0.25057989,0.91
0.13410068,0.72103518,0.87
0.01276885,-0.16372472,0.89
0.02171329,-0.21562521,0.89
0.05637797,-0.1031556,0.93
0.04779897,-0.05837247,0.84
0.05579591,-0.16927676,0.95
